date,why,fail,hours,bins,analogs,e0,e1,ch,dis,rda,rrt,deg,fee,net,z,ub,gap,solves,sec,hold,coarse,cold,viol
2025-01-01,ok,,24,288,8,2.000000,2.000000,3.855388,3.263200,-55.230400,100.772735,14.237175,3.559294,27.745866,282.314115,282.314115,0.000098,97,4.244082,0,0,0,0.000000
2025-01-02,ok,,24,288,8,2.000000,2.000000,5.150756,4.359600,-56.523187,174.382019,19.020712,4.755178,94.082942,269.490814,269.496136,0.000092,97,4.532334,0,0,0,0.000000
2025-01-03,ok,,24,288,8,2.000000,2.000000,3.514650,2.974800,53.327779,80.699749,12.978901,3.244725,117.803902,162.546906,162.546906,0.000089,97,4.037930,0,0,0,0.000000
2025-01-04,ok,,24,288,8,2.000000,2.000000,6.710775,5.680000,-46.798355,108.433376,24.781550,6.195388,30.658083,152.454412,152.454412,0.000093,97,4.619784,0,0,0,0.000000
2025-01-05,ok,,24,288,8,2.000000,2.000000,6.423913,5.437200,-43.574234,137.727695,23.722226,5.930557,64.500678,152.454412,152.454412,0.000093,97,4.439153,0,0,0,0.000000
2025-01-06,ok,,24,288,8,2.000000,2.000000,3.725898,3.153600,-219.597575,581.669529,13.758996,3.439749,344.873209,166.045069,166.045069,0.000076,97,5.239086,0,0,0,0.000000
2025-01-07,ok,,24,288,8,2.000000,2.000000,2.173913,1.840000,-248.689698,132.998013,8.027826,2.006957,-125.726467,166.045069,166.045069,0.000099,97,5.272672,0,0,0,0.000000
2025-01-08,ok,,24,288,8,2.000000,2.000000,3.923913,3.321200,-311.833339,156.657214,14.490226,3.622557,-173.288907,228.770162,228.770162,0.000089,97,5.209839,0,0,0,0.000000
2025-01-09,ok,,24,288,8,2.000000,2.000000,2.923913,2.474800,13.480730,-111.492498,10.797426,2.699357,-111.508550,251.526219,251.526219,0.000068,97,5.421762,0,0,0,0.000000
2025-01-10,ok,,24,288,8,2.000000,2.000000,5.423913,4.590800,-44.740512,287.527292,20.029426,5.007357,217.749998,270.883518,270.883518,0.000080,97,5.127259,0,0,0,0.000000
2025-01-11,ok,,24,288,8,2.000000,2.000000,5.590737,4.732000,-89.896745,454.138385,20.645474,5.161369,338.434796,222.613591,222.613633,0.000089,97,4.967608,0,0,0,0.000000
2025-01-12,ok,,24,288,8,2.000000,2.000000,4.491493,3.801600,-124.115550,151.295261,16.586187,4.146547,6.446978,222.613591,222.613633,0.000095,97,5.141571,0,0,0,0.000000
2025-01-13,ok,,24,288,8,2.000000,2.000000,5.719282,4.840800,56.931814,208.799240,21.120163,5.280041,239.330850,262.400338,262.400338,0.000095,97,5.038959,0,0,0,0.000000
2025-01-14,ok,,24,288,8,2.000000,2.000000,5.566635,4.711600,40.281178,113.189674,20.556470,5.139118,127.775264,262.400338,262.400338,0.000099,97,4.587207,0,0,0,0.000000
2025-01-15,ok,,24,288,8,2.000000,2.000000,3.074669,2.602400,65.981589,-396.513610,11.354138,2.838535,-344.724694,212.695187,212.695187,0.000083,97,5.406851,0,0,0,0.000000
2025-01-16,ok,,24,288,8,2.000000,2.000000,3.219282,2.724800,94.883573,-566.899930,11.888163,2.972041,-486.876561,215.498957,215.498957,0.000087,97,5.344103,0,0,0,0.000000
2025-01-17,ok,,24,288,8,2.000000,2.000000,3.969282,3.359600,-172.476615,142.972512,14.657763,3.664441,-47.826307,345.626625,345.626625,0.000087,97,4.896645,0,0,0,0.000000
2025-01-18,ok,,24,288,8,2.000000,2.000000,5.855388,4.956000,-256.212161,567.171876,21.622775,5.405694,283.931246,314.245313,314.245313,0.000068,97,5.157396,0,0,0,0.000000
2025-01-19,ok,,24,288,8,2.000000,2.000000,5.188563,4.391600,-594.818378,662.628498,19.160327,4.790082,43.859712,314.245313,314.245313,0.000099,97,4.995776,0,0,0,0.000000
2025-01-20,ok,,24,288,8,2.000000,2.000000,3.923913,3.321200,-303.212395,832.616434,14.490226,3.622557,511.291256,397.054462,397.054462,0.000092,97,4.880709,0,0,0,0.000000
2025-01-21,ok,,24,288,8,2.000000,2.000000,2.173913,1.840000,-345.980571,-174.920768,8.027826,2.006957,-530.936121,397.054462,397.054462,0.000084,97,4.807313,0,0,0,0.000000
2025-01-22,ok,,24,288,8,2.000000,2.000000,2.469282,2.090000,-442.299662,224.456434,9.118563,2.279641,-229.241432,389.753793,389.753793,0.000091,97,4.905753,0,0,0,0.000000
2025-01-23,ok,,24,288,8,2.000000,2.000000,3.316635,2.807200,-258.253065,304.086661,12.247670,3.061918,30.524009,417.811772,417.811772,0.000097,97,5.220145,0,0,0,0.000000
2025-01-24,ok,,24,288,8,2.000000,2.000000,4.946125,4.186400,-387.804972,734.223370,18.265050,4.566262,323.587086,610.688366,610.688366,0.000012,97,4.779173,0,0,0,0.000000
2025-01-25,ok,,24,288,8,2.000000,2.000000,4.673913,3.956000,-189.427428,38.561195,17.259826,4.314957,-172.441016,323.599364,323.599364,0.000073,97,5.110079,0,0,0,0.000000
2025-01-26,ok,,24,288,8,2.000000,2.000000,4.469282,3.782800,-237.110737,191.346115,16.504163,4.126041,-66.394827,323.599364,323.599364,0.000070,97,5.131639,0,0,0,0.000000
2025-01-27,ok,,24,288,8,2.000000,2.000000,5.885161,4.981200,-245.874507,283.925487,21.732721,5.433180,10.885078,630.443392,630.443392,0.000095,97,4.692972,0,0,0,0.000000
2025-01-28,ok,,24,288,8,2.000000,2.000000,7.127599,6.032800,-355.022770,130.719804,26.320798,6.580200,-257.203964,630.443392,630.443392,0.000095,97,4.457366,0,0,0,0.000000
2025-01-29,ok,,24,288,8,2.000000,2.000000,6.983932,5.911200,-23.406176,670.221805,25.790264,6.447566,614.577799,418.455393,418.455393,0.000066,97,4.404796,0,0,0,0.000000
2025-01-30,ok,,24,288,8,2.000000,2.000000,5.007089,4.238000,26.497498,136.501400,18.490178,4.622544,139.886176,429.128524,429.128524,0.000078,97,4.926521,0,0,0,0.000000
2025-01-31,ok,,24,288,8,2.000000,2.000000,3.969282,3.359600,-227.189119,189.710382,14.657763,3.664441,-55.800941,456.005763,456.005763,0.000092,97,4.360187,0,0,0,0.000000
2025-02-01,ok,,24,288,8,2.000000,2.000000,5.870983,4.969200,-106.724600,127.444247,21.680366,5.420091,-6.380810,424.198952,424.228535,0.000092,97,4.490919,0,0,0,0.000000
2025-02-02,ok,,24,288,8,2.000000,2.000000,5.810019,4.917600,-68.273954,509.568762,21.455238,5.363809,414.475761,424.198952,424.228535,0.000091,97,4.824894,0,0,0,0.000000
2025-02-03,ok,,24,288,8,2.000000,2.000000,6.521267,5.519600,-131.796827,106.249732,24.081733,6.020433,-55.649261,643.259862,643.259862,0.000090,97,4.613472,0,0,0,0.000000
2025-02-04,ok,,24,288,8,2.000000,2.000000,3.969282,3.359600,-117.512254,179.567228,14.657763,3.664441,43.732770,643.259862,643.259862,0.000097,97,4.338963,0,0,0,0.000000
2025-02-05,ok,,24,288,8,2.000000,2.000000,4.696125,3.974800,27.798976,122.246276,17.341850,4.335462,128.367940,488.184643,488.184643,0.000095,97,4.734598,0,0,0,0.000000
2025-02-06,ok,,24,288,8,2.000000,2.000000,7.409735,6.271600,-154.442998,343.540014,27.362671,6.840668,154.893677,408.472134,408.472134,0.000085,97,5.080200,0,0,0,0.000000
2025-02-07,ok,,24,288,8,2.000000,2.000000,3.719282,3.148000,-164.962788,115.039318,13.734563,3.433641,-67.091674,449.567012,449.567012,0.000085,97,4.778736,0,0,0,0.000000
2025-02-08,ok,,24,288,8,2.000000,2.000000,4.635161,3.923200,-119.463113,31.586985,17.116721,4.279180,-109.272029,413.432228,413.432228,0.000047,97,5.098671,0,0,0,0.000000
2025-02-09,ok,,24,288,8,2.000000,2.000000,5.855388,4.956000,-112.023555,177.491439,21.622775,5.405694,38.439416,413.432228,413.432228,0.000093,97,5.234352,0,0,0,0.000000
2025-02-10,ok,,24,288,8,2.000000,2.000000,6.452741,5.461600,-122.287524,540.031185,23.828682,5.957171,387.957809,613.355150,613.355150,0.000094,97,4.642664,0,0,0,0.000000
2025-02-11,ok,,24,288,8,2.000000,2.000000,5.612004,4.750000,-173.355051,355.808275,20.724008,5.181002,156.548214,613.355150,613.355150,0.000094,97,4.638241,0,0,0,0.000000
2025-02-12,ok,,24,288,8,2.000000,2.000000,6.089792,5.154400,-217.564768,316.217220,22.488384,5.622096,70.541971,441.417921,441.417921,0.000099,97,4.662457,0,0,0,0.000000
2025-02-13,ok,,24,288,8,2.000000,2.000000,5.968336,5.051600,-150.083657,217.907831,22.039873,5.509968,40.274334,463.379427,463.379427,0.000093,97,4.596644,0,0,0,0.000000
2025-02-14,ok,,24,288,8,2.000000,2.000000,4.014650,3.398000,-22.277495,133.127355,14.825301,3.706325,92.318234,475.841324,475.841324,0.000099,97,4.110818,0,0,0,0.000000
2025-02-15,ok,,24,288,8,2.000000,2.000000,6.316635,5.346400,-225.984361,296.195955,23.326070,5.831518,41.054006,388.390657,388.390657,0.000095,97,5.213036,0,0,0,0.000000
2025-02-16,ok,,24,288,8,2.000000,2.000000,5.719282,4.840800,-135.292350,352.171792,21.120163,5.280041,190.479237,388.390657,388.390657,0.000095,97,5.449152,0,0,0,0.000000
2025-02-17,ok,,24,288,8,2.000000,2.000000,5.393195,4.564800,-207.560612,601.115081,19.915989,4.978997,368.659482,401.390709,401.390709,0.000097,97,4.740045,0,0,0,0.000000
2025-02-18,ok,,24,288,8,2.000000,2.000000,6.581285,5.570400,-75.841930,339.511319,24.303371,6.075843,233.290176,401.390709,401.390709,0.000096,97,4.788831,0,0,0,0.000000
2025-02-19,ok,,24,288,8,2.000000,2.000000,5.938563,5.026400,-163.587032,108.527026,21.929927,5.482482,-82.472414,417.402957,417.402957,0.000069,97,5.182343,0,0,0,0.000000
2025-02-20,ok,,24,288,8,2.000000,2.000000,5.688563,4.814800,-202.022577,222.164222,21.006727,5.251682,-6.116764,448.574843,448.574843,0.000090,97,5.086914,0,0,0,0.000000
2025-02-21,ok,,24,288,8,2.000000,2.000000,5.975898,5.058000,-90.514128,491.675176,22.067796,5.516949,373.576303,469.260764,469.260764,0.000088,97,4.925541,0,0,0,0.000000
2025-02-22,ok,,24,288,8,2.000000,2.000000,6.733932,5.699600,-142.814209,468.543266,24.867064,6.216766,294.645228,371.947390,371.947390,0.000098,97,5.243410,0,0,0,0.000000
2025-02-23,ok,,24,288,8,2.000000,2.000000,5.150756,4.359600,-208.921849,266.353654,19.020712,4.755178,33.655915,371.947390,371.947390,0.000097,97,5.212152,0,0,0,0.000000
2025-02-24,ok,,24,288,8,2.000000,2.000000,3.658318,3.096400,-55.642164,94.957329,13.509435,3.377359,22.428371,365.943300,365.943300,0.000100,97,4.199919,0,0,0,0.000000
2025-02-25,ok,,24,288,8,2.000000,2.000000,3.469282,2.936400,-28.846404,92.190032,12.811363,3.202841,47.329424,365.943300,365.943300,0.000094,97,4.500391,0,0,0,0.000000
2025-02-26,ok,,24,288,8,2.000000,2.000000,5.089792,4.308000,-47.773052,243.344495,18.795584,4.698896,172.076963,392.786387,392.786387,0.000098,97,4.282547,0,0,0,0.000000
2025-02-27,ok,,24,288,8,2.000000,2.000000,3.719282,3.148000,-109.005516,61.896005,13.734563,3.433641,-64.277716,353.045156,353.045156,0.000085,97,3.781648,0,0,0,0.000000
2025-02-28,ok,,24,288,8,2.000000,2.000000,3.158318,2.673200,-107.988877,108.207589,11.663035,2.915759,-14.360082,373.099854,373.099854,0.000097,97,4.043249,0,0,0,0.000000
2025-03-01,ok,,24,288,8,2.000000,2.000000,3.749055,3.173200,-177.309792,121.266051,13.844510,3.461127,-73.349378,262.630344,262.630344,0.000079,97,4.736707,0,0,0,0.000000
2025-03-02,ok,,24,288,8,2.000000,2.000000,3.060019,2.590000,-257.475877,327.328637,11.300038,2.825009,55.727713,262.630344,262.630344,0.000089,97,4.789090,0,0,0,0.000000
2025-03-03,ok,,24,288,8,2.000000,2.000000,5.446125,4.609600,-174.267864,294.452516,20.111450,5.027862,95.045341,398.673306,398.673306,0.000090,97,5.045158,0,0,0,0.000000
2025-03-04,ok,,24,288,8,2.000000,2.000000,4.400756,3.724800,-103.194921,45.699187,16.251112,4.062778,-77.809624,398.673306,398.673306,0.000100,97,4.749254,0,0,0,0.000000
2025-03-05,ok,,24,288,8,2.000000,2.000000,3.999055,3.384800,-90.595722,193.779257,14.767710,3.691927,84.723898,329.075885,329.075885,0.000097,97,4.094783,0,0,0,0.000000
2025-03-06,ok,,24,288,8,2.000000,2.000000,4.650756,3.936400,-121.054690,103.487600,17.174312,4.293578,-39.034980,335.506183,335.506183,0.000090,97,4.890404,0,0,0,0.000000
2025-03-07,ok,,24,288,8,2.000000,2.000000,4.475898,3.788400,-146.448096,195.479796,16.528596,4.132149,28.370955,380.025919,380.025919,0.000082,97,4.306963,0,0,0,0.000000
2025-03-08,ok,,24,288,8,2.000000,2.000000,3.469282,2.936400,-33.230914,34.342802,12.811363,3.202841,-14.902317,228.580790,228.580790,0.000095,97,4.265592,0,0,0,0.000000
2025-03-09,ok,,23,276,8,2.000000,2.000000,2.719282,2.301600,-60.147794,-25.140358,10.041763,2.510441,-97.840356,208.621040,208.621040,0.000098,93,4.091203,0,0,0,0.000000
2025-03-10,ok,,24,288,8,2.000000,2.000000,3.560019,3.013200,-161.863936,240.893498,13.146438,3.286609,62.596515,311.164106,311.164106,0.000097,97,5.077213,0,0,0,0.000000
2025-03-11,ok,,24,288,8,2.000000,2.000000,3.203686,2.711600,-149.884176,217.112707,11.830572,2.957643,52.440316,311.164106,311.164106,0.000100,97,4.405902,0,0,0,0.000000
2025-03-12,ok,,24,288,8,2.000000,2.000000,3.590737,3.039200,-104.802096,110.806030,13.259874,3.314969,-10.570909,309.800520,309.800520,0.000095,97,4.667207,0,0,0,0.000000
2025-03-13,ok,,24,288,8,2.000000,2.000000,3.499055,2.961600,-191.750475,86.820261,12.921310,3.230327,-121.081851,323.356635,323.356635,0.000086,97,4.470434,0,0,0,0.000000
2025-03-14,ok,,24,288,8,2.000000,2.000000,3.264650,2.763200,-151.730309,173.556445,12.055701,3.013925,6.756511,314.996208,314.996208,0.000098,97,4.241244,0,0,0,0.000000
2025-03-15,ok,,24,288,8,2.000000,2.000000,3.060019,2.590000,-88.565737,83.433600,11.300038,2.825009,-19.257183,228.622520,228.622520,0.000091,97,3.781494,0,0,0,0.000000
2025-03-16,ok,,24,288,8,2.000000,2.000000,2.969282,2.513200,-75.247926,133.708991,10.964963,2.741241,44.754861,228.622520,228.622520,0.000077,97,3.811119,0,0,0,0.000000
2025-03-17,ok,,24,288,8,2.000000,2.000000,5.294423,4.481200,-95.931248,165.812911,19.551247,4.887812,45.442604,288.333477,288.333477,0.000097,97,4.515816,0,0,0,0.000000
2025-03-18,ok,,24,288,8,2.000000,2.000000,4.680529,3.961600,-131.313744,609.927824,17.284259,4.321065,457.008757,288.333477,288.333477,0.000100,97,5.091593,0,0,0,0.000000
2025-03-19,ok,,24,288,8,2.000000,2.000000,3.900756,3.301600,-125.612912,372.617917,14.404712,3.601178,228.999115,246.890607,246.890607,0.000090,97,4.712150,0,0,0,0.000000
2025-03-20,ok,,24,288,8,2.000000,2.000000,4.355388,3.686400,-154.599154,77.789750,16.083575,4.020894,-96.913873,347.540124,347.540124,0.000094,97,4.195902,0,0,0,0.000000
2025-03-21,ok,,24,288,8,2.000000,2.000000,3.605388,3.051600,-117.847370,293.830245,13.313975,3.328494,159.340406,263.216617,263.216617,0.000081,97,4.990008,0,0,0,0.000000
2025-03-22,ok,,24,288,8,2.000000,2.000000,5.082231,4.301600,-80.980898,56.863020,18.767661,4.691915,-47.577455,222.604141,222.604141,0.000097,97,3.933317,0,0,0,0.000000
2025-03-23,ok,,24,288,8,2.000000,2.000000,4.060019,3.436400,-98.147557,182.005001,14.992838,3.748209,65.116397,222.604141,222.604141,0.000085,97,4.154147,0,0,0,0.000000
2025-03-24,ok,,24,288,8,2.000000,2.000000,5.900756,4.994400,-26.672915,93.693832,21.790312,5.447578,39.783027,197.566548,197.566548,0.000094,97,5.072732,0,0,0,0.000000
2025-03-25,ok,,24,288,8,2.000000,2.000000,5.718336,4.840000,-54.260769,149.708272,21.116673,5.279168,69.051662,197.566548,197.566548,0.000093,97,5.255306,0,0,0,0.000000
2025-03-26,ok,,24,288,8,2.000000,2.000000,6.604442,5.590000,-50.049261,127.178455,24.388885,6.097221,46.643088,143.970560,143.970560,0.000072,97,5.311675,0,0,0,0.000000
2025-03-27,ok,,24,288,8,2.000000,2.000000,4.696125,3.974800,-96.199539,94.977360,17.341850,4.335462,-22.899492,191.646592,191.646592,0.000057,97,5.129678,0,0,0,0.000000
2025-03-28,ok,,24,288,8,2.000000,2.000000,6.194234,5.242800,-68.617348,148.223940,22.874069,5.718517,51.014006,182.884548,182.884548,0.000094,97,5.226214,0,0,0,0.000000
2025-03-29,ok,,24,288,8,2.000000,2.000000,3.446597,2.917200,-64.987996,-10.535388,12.727595,3.181899,-91.432878,118.302115,118.302115,0.000090,97,4.749424,0,0,0,0.000000
2025-03-30,ok,,24,288,8,2.000000,2.000000,4.984405,4.218800,-42.626492,66.974324,18.406409,4.601602,1.339821,118.302115,118.302115,0.000097,97,4.899969,0,0,0,0.000000
2025-03-31,ok,,24,288,8,2.000000,2.000000,4.673913,3.956000,-47.196597,123.484411,17.259826,4.314957,54.713032,184.508758,184.508758,0.000094,97,4.503345,0,0,0,0.000000
2025-04-01,ok,,24,288,8,2.000000,2.000000,6.218336,5.263200,-93.225493,370.612854,22.963073,5.740768,248.683520,184.508758,184.508758,0.000090,97,4.963609,0,0,0,0.000000
2025-04-02,ok,,24,288,8,2.000000,2.000000,5.990548,5.070400,-93.963295,170.788847,22.121896,5.530474,49.173181,245.572948,245.572948,0.000079,97,5.981875,0,0,0,0.000000
2025-04-03,ok,,24,288,8,2.000000,2.000000,4.992439,4.225600,-83.931298,179.078749,18.436077,4.609019,72.102354,168.566697,168.566697,0.000099,97,6.082532,0,0,0,0.000000
2025-04-04,ok,,24,288,8,2.000000,2.000000,4.567580,3.866000,-101.636983,166.387531,16.867161,4.216790,43.666597,185.020512,185.020512,0.000099,97,5.781409,0,0,0,0.000000
2025-04-05,ok,,24,288,8,2.000000,2.000000,3.787335,3.205600,-119.215905,101.763139,13.985869,3.496467,-34.935102,91.152253,91.152253,0.000097,97,5.207844,0,0,0,0.000000
2025-04-06,ok,,24,288,8,2.000000,2.000000,4.786862,4.051600,-150.917092,255.253985,17.676924,4.419231,82.240737,91.152253,91.152253,0.000089,97,5.889431,0,0,0,0.000000
2025-04-07,ok,,24,288,8,2.000000,2.000000,4.635161,3.923200,-127.832632,162.805337,17.116721,4.279180,13.576803,205.603827,205.603827,0.000088,97,5.636485,0,0,0,0.000000
2025-04-08,ok,,24,288,8,2.000000,2.000000,6.112004,5.173200,-163.547895,233.567182,22.570408,5.642602,41.806277,205.603827,205.603827,0.000094,97,6.016207,0,0,0,0.000000
2025-04-09,ok,,24,288,8,2.000000,2.000000,5.006144,4.237200,-156.418597,213.817689,18.486687,4.621672,34.290734,164.459410,164.459410,0.000072,97,5.943062,0,0,0,0.000000
2025-04-10,ok,,24,288,8,2.000000,2.000000,4.196125,3.551600,-136.400972,84.902974,15.495450,3.873862,-70.867310,191.366254,191.366254,0.000096,97,5.258396,0,0,0,0.000000
2025-04-11,ok,,24,288,8,2.000000,2.000000,5.157845,4.365600,-145.793577,203.675372,19.046890,4.761722,34.073183,193.318973,193.318973,0.000088,97,5.443079,0,0,0,0.000000
2025-04-12,ok,,24,288,8,2.000000,2.000000,2.597826,2.198800,-142.215366,110.040592,9.593252,2.398313,-44.166339,89.246540,89.246540,0.000099,97,5.500429,0,0,0,0.000000
2025-04-13,ok,,24,288,8,2.000000,2.000000,4.605388,3.898000,-136.841990,396.739003,17.006775,4.251694,238.638544,89.246540,89.246540,0.000078,97,5.372890,0,0,0,0.000000
2025-04-14,ok,,24,288,8,2.000000,2.000000,4.847826,4.103200,-80.535653,116.674987,17.902052,4.475513,13.761769,187.388693,187.388693,0.000083,97,4.573259,0,0,0,0.000000
2025-04-15,ok,,24,288,8,2.000000,2.000000,5.021267,4.250000,-77.209107,85.292423,18.542533,4.635633,-15.094851,187.388693,187.388693,0.000091,97,4.758035,0,0,0,0.000000
2025-04-16,ok,,24,288,8,2.000000,2.000000,4.628544,3.917600,-126.160772,124.209785,17.092289,4.273072,-23.316348,206.451791,206.451791,0.000086,97,5.064413,0,0,0,0.000000
2025-04-17,ok,,24,288,8,2.000000,2.000000,6.309074,5.340000,-145.029579,24.881018,23.298147,5.824537,-149.271246,228.269134,228.269134,0.000074,97,5.492282,0,0,0,0.000000
2025-04-18,ok,,24,288,8,2.000000,2.000000,3.014650,2.551600,-55.229037,7.424972,11.132501,2.783125,-61.719691,161.207294,161.207294,0.000083,97,4.177371,0,0,0,0.000000
2025-04-19,ok,,24,288,8,2.000000,2.000000,3.855388,3.263200,-66.844350,59.958554,14.237175,3.559294,-24.682265,102.950004,102.950004,0.000078,97,4.206186,0,0,0,0.000000
2025-04-20,ok,,24,288,8,2.000000,2.000000,3.166352,2.680000,-59.799222,64.070999,11.692703,2.923176,-10.344102,102.950004,102.950004,0.000093,97,3.928488,0,0,0,0.000000
2025-04-21,ok,,24,288,8,2.000000,2.000000,3.650756,3.090000,-2.421563,12.874531,13.481512,3.370378,-6.398923,248.322823,248.322823,0.000095,97,3.557433,0,0,0,0.000000
2025-04-22,ok,,24,288,8,2.000000,2.000000,3.355388,2.840000,-9.746885,4.617146,12.390775,3.097694,-20.618208,248.322823,248.322823,0.000088,97,3.760333,0,0,0,0.000000
2025-04-23,ok,,24,288,8,2.000000,2.000000,3.544423,3.000000,-7.223866,90.289377,13.088847,3.272212,66.704452,243.339214,243.339214,0.000086,97,3.986034,0,0,0,0.000000
2025-04-24,ok,,24,288,8,2.000000,2.000000,3.355388,2.840000,-1.515017,30.755296,12.390775,3.097694,13.751810,226.072428,226.072428,0.000093,97,4.217923,0,0,0,0.000000
2025-04-25,ok,,24,288,8,2.000000,2.000000,3.355388,2.840000,21.307383,5.319503,12.390775,3.097694,11.138417,212.501692,212.501692,0.000090,97,3.611305,0,0,0,0.000000
2025-04-26,ok,,24,288,8,2.000000,2.000000,2.969282,2.513200,-64.273905,46.366709,10.964963,2.741241,-31.613400,91.778808,91.778808,0.000097,97,3.566398,0,0,0,0.000000
2025-04-27,ok,,24,288,8,2.000000,2.000000,2.969282,2.513200,-61.030765,41.974987,10.964963,2.741241,-32.761982,91.778808,91.778808,0.000097,97,3.603155,0,0,0,0.000000
2025-04-28,ok,,24,288,8,2.000000,2.000000,3.946125,3.340000,14.362066,-8.749546,14.572250,3.643062,-12.602792,230.471431,230.471431,0.000079,97,4.241064,0,0,0,0.000000
2025-04-29,ok,,24,288,8,2.000000,2.000000,3.355388,2.840000,17.817737,-4.211344,12.390775,3.097694,-1.882076,230.471431,230.471431,0.000086,97,4.145096,0,0,0,0.000000
2025-04-30,ok,,24,288,8,2.000000,2.000000,4.430529,3.750000,-17.626236,164.093116,16.361059,4.090265,126.015557,213.857148,213.857148,0.000097,97,4.412509,0,0,0,0.000000
2025-05-01,ok,,24,288,8,2.000000,2.000000,3.900756,3.301600,-53.511706,94.679106,14.404712,3.601178,23.161510,211.703081,211.703081,0.000098,97,3.958627,0,0,0,0.000000
2025-05-02,ok,,24,288,8,2.000000,2.000000,3.855388,3.263200,-14.856539,98.115394,14.237175,3.559294,65.462386,217.378287,217.378287,0.000096,97,3.909468,0,0,0,0.000000
2025-05-03,ok,,24,288,8,2.000000,2.000000,3.810019,3.224800,-84.705754,139.781820,14.069638,3.517409,37.489019,85.664551,85.664551,0.000093,97,5.260782,0,0,0,0.000000
2025-05-04,ok,,24,288,8,2.000000,2.000000,2.969282,2.513200,-67.670689,224.963469,10.964963,2.741241,143.586576,85.664551,85.664551,0.000090,97,5.853814,0,0,0,0.000000
2025-05-05,ok,,24,288,8,2.000000,2.000000,3.719282,3.148000,-31.834886,103.535268,13.734563,3.433641,54.532178,214.791106,214.791106,0.000100,97,4.327440,0,0,0,0.000000
2025-05-06,ok,,24,288,8,2.000000,2.000000,5.219282,4.417600,-27.065373,91.282779,19.273763,4.818441,40.125201,214.791106,214.791106,0.000092,97,4.505281,0,0,0,0.000000
2025-05-07,ok,,24,288,8,2.000000,2.000000,3.560019,3.013200,-10.958467,80.709160,13.146438,3.286609,53.317646,230.367516,230.367516,0.000073,97,3.998666,0,0,0,0.000000
2025-05-08,ok,,24,288,8,2.000000,2.000000,4.764650,4.032800,-27.089319,261.754526,17.594901,4.398725,212.671581,219.689345,219.689345,0.000078,97,4.180112,0,0,0,0.000000
2025-05-09,ok,,24,288,8,2.000000,2.000000,5.105388,4.321200,-49.491652,88.756661,18.853175,4.713294,15.698540,206.474995,206.474995,0.000096,97,4.575324,0,0,0,0.000000
2025-05-10,ok,,24,288,8,2.000000,2.000000,3.310019,2.801600,-80.875760,93.996946,12.223238,3.055809,-2.157862,122.792442,122.792442,0.000095,97,4.984328,0,0,0,0.000000
2025-05-11,ok,,24,288,8,2.000000,2.000000,3.355388,2.840000,-82.599248,57.043734,12.390775,3.097694,-41.043983,122.792442,122.792442,0.000087,97,4.494276,0,0,0,0.000000
2025-05-12,ok,,24,288,8,2.000000,2.000000,4.060019,3.436400,-33.535234,147.685781,14.992838,3.748209,95.409500,232.193749,232.193749,0.000092,97,4.016322,0,0,0,0.000000
2025-05-13,ok,,24,288,8,2.000000,2.000000,3.060019,2.590000,-51.708754,106.626207,11.300038,2.825009,40.792406,232.193749,232.193749,0.000099,97,4.140053,0,0,0,0.000000
2025-05-14,ok,,24,288,8,2.000000,2.000000,3.839792,3.250000,-49.832014,45.091631,14.179584,3.544896,-22.464864,226.032995,226.032995,0.000077,97,4.409549,0,0,0,0.000000
2025-05-15,ok,,24,288,8,2.000000,2.000000,5.969282,5.052400,-59.978464,226.806388,22.043363,5.510841,139.273719,233.750907,233.750907,0.000099,97,3.953388,0,0,0,0.000000
2025-05-16,ok,,24,288,8,2.000000,2.000000,6.112949,5.174000,-55.048979,183.356064,22.573898,5.643474,100.089713,221.561219,221.561219,0.000093,97,3.951133,0,0,0,0.000000
2025-05-17,ok,,24,288,8,2.000000,2.000000,3.514650,2.974800,-50.746108,65.068814,12.978901,3.244725,-1.900920,108.545416,108.545416,0.000048,97,4.146389,0,0,0,0.000000
2025-05-18,ok,,24,288,8,2.000000,2.000000,3.249055,2.750000,-37.110325,72.484015,11.998110,2.999527,20.376053,108.545416,108.545416,0.000098,97,4.492437,0,0,0,0.000000
2025-05-19,ok,,24,288,8,2.000000,2.000000,3.219282,2.724800,-62.382020,70.338902,11.888163,2.972041,-6.903322,167.252804,167.252804,0.000086,97,4.594005,0,0,0,0.000000
2025-05-20,ok,,24,288,8,2.000000,2.000000,3.764650,3.186400,-75.303388,11.191805,13.902101,3.475525,-81.489209,167.252804,167.252804,0.000092,97,4.395440,0,0,0,0.000000
2025-05-21,ok,,24,288,8,2.000000,2.000000,4.378544,3.706000,-97.921095,123.675079,16.169089,4.042272,5.542623,157.477541,157.477541,0.000078,97,5.031054,0,0,0,0.000000
2025-05-22,ok,,24,288,8,2.000000,2.000000,4.060019,3.436400,-78.667081,71.553392,14.992838,3.748209,-25.854736,167.494154,167.494154,0.000081,97,4.535512,0,0,0,0.000000
2025-05-23,ok,,24,288,8,2.000000,2.000000,4.014650,3.398000,-88.539237,59.069644,14.825301,3.706325,-48.001219,198.542423,198.542423,0.000100,97,4.435777,0,0,0,0.000000
2025-05-24,ok,,24,288,8,2.000000,2.000000,2.764650,2.340000,-54.435212,65.001844,10.209301,2.552325,-2.194994,100.234683,100.234683,0.000064,97,4.456629,0,0,0,0.000000
2025-05-25,ok,,24,288,8,2.000000,2.000000,2.764650,2.340000,-57.120743,23.540671,10.209301,2.552325,-46.341698,100.234683,100.234683,0.000065,97,4.348502,0,0,0,0.000000
2025-05-26,ok,,24,288,8,2.000000,2.000000,3.839792,3.250000,-86.861679,365.239969,14.179584,3.544896,260.653810,168.533885,168.533885,0.000097,97,4.537858,0,0,0,0.000000
2025-05-27,skip,,24,288,0,2.000000,2.000000,0.000000,0.000000,0.000000,0.000000,0.000000,0.000000,0.000000,0.000000,0.000000,0.000000,0,0.000000,0,0,0,0.000000
2025-05-28,ok,,24,288,8,2.000000,2.000000,3.264650,2.763200,-63.647528,82.166437,12.055701,3.013925,3.449283,168.057056,168.057056,0.000077,97,4.505861,0,0,0,0.000000
2025-05-29,ok,,24,288,8,2.000000,2.000000,3.560019,3.013200,-83.462545,70.411831,13.146438,3.286609,-29.483761,144.875158,144.875158,0.000097,97,4.069039,0,0,0,0.000000
2025-05-30,ok,,24,288,8,2.000000,2.000000,3.560019,3.013200,-68.318224,24.253160,13.146438,3.286609,-60.498111,191.857083,191.857083,0.000095,97,4.326760,0,0,0,0.000000
2025-05-31,ok,,24,288,8,2.000000,2.000000,4.832231,4.090000,-34.036929,51.045065,17.844461,4.461115,-5.297440,108.651718,108.651718,0.000099,97,4.516562,0,0,0,0.000000
2025-06-01,ok,,24,288,8,2.000000,2.000000,2.764650,2.340000,-34.771402,24.421929,10.209301,2.552325,-23.111100,108.651718,108.651718,0.000066,97,3.606810,0,0,0,0.000000
2025-06-02,ok,,24,288,8,2.000000,2.000000,3.219282,2.724800,-66.742081,87.717151,11.888163,2.972041,6.114866,159.642484,159.642484,0.000086,97,4.376247,0,0,0,0.000000
2025-06-03,ok,,24,288,8,2.000000,2.000000,2.969282,2.513200,-60.148585,110.308850,10.964963,2.741241,36.454061,159.642484,159.642484,0.000096,97,4.347080,0,0,0,0.000000
2025-06-04,ok,,24,288,8,2.000000,2.000000,2.953686,2.500000,-74.028126,147.191431,10.907372,2.726843,59.529089,133.309171,133.309171,0.000099,97,4.409618,0,0,0,0.000000
2025-06-05,ok,,24,288,8,2.000000,2.000000,4.430529,3.750000,-11.066366,241.385109,16.361059,4.090265,209.867420,102.106126,102.106126,0.000060,97,4.580407,0,0,0,0.000000
2025-06-06,ok,,24,288,8,2.000000,2.000000,4.240548,3.589200,-68.076247,277.827416,15.659496,3.914874,190.176798,153.832456,153.832456,0.000071,97,5.693619,0,0,0,0.000000
2025-06-07,ok,,24,288,8,2.000000,2.000000,3.173913,2.686400,-24.425667,62.684369,11.720626,2.930157,23.607919,89.336236,89.336236,0.000088,97,5.259644,0,0,0,0.000000
2025-06-08,ok,,24,288,8,2.000000,2.000000,4.014650,3.398000,-25.470110,21.794484,14.825301,3.706325,-22.207252,89.336236,89.336236,0.000095,97,5.606531,0,0,0,0.000000
2025-06-09,ok,,24,288,8,2.000000,2.000000,3.279773,2.776000,-19.557116,77.950559,12.111546,3.027887,43.254011,183.109280,183.109280,0.000081,97,3.582430,0,0,0,0.000000
2025-06-10,ok,,24,288,8,2.000000,2.000000,3.469282,2.936400,-19.244013,44.842475,12.811363,3.202841,9.584258,183.109280,183.109280,0.000097,97,3.643171,0,0,0,0.000000
2025-06-11,ok,,24,288,8,2.000000,2.000000,3.544423,3.000000,-33.134141,118.829933,13.088847,3.272212,69.334733,183.109280,183.109280,0.000085,97,3.582376,0,0,0,0.000000
2025-06-12,ok,,24,288,8,2.000000,2.000000,4.173913,3.532800,-25.365572,302.783013,15.413426,3.853357,258.150658,144.689614,144.689614,0.000097,97,3.328071,0,0,0,0.000000
2025-06-13,ok,,24,288,8,2.000000,2.000000,3.500000,2.962400,-33.520881,34.983456,12.924800,3.231200,-14.693425,140.354377,140.354377,0.000084,97,4.936596,0,0,0,0.000000
2025-06-14,ok,,24,288,8,2.000000,2.000000,3.000000,2.539200,-23.410269,15.429957,11.078400,2.769600,-21.828312,75.482357,75.482357,0.000008,97,5.207798,0,0,0,0.000000
2025-06-15,ok,,24,288,8,2.000000,2.000000,3.500000,2.962400,-24.955365,62.054472,12.924800,3.231200,20.943106,75.482357,75.482357,0.000084,97,5.321231,0,0,0,0.000000
2025-06-16,ok,,24,288,8,2.000000,2.000000,5.021267,4.250000,-34.623164,107.045727,18.542533,4.635633,49.244397,132.423504,132.423504,0.000096,97,3.197685,0,0,0,0.000000
2025-06-17,ok,,24,288,8,2.000000,2.000000,3.643195,3.083600,-38.274041,84.762125,13.453589,3.363397,29.671098,132.423504,132.423504,0.000084,97,3.791880,0,0,0,0.000000
2025-06-18,ok,,24,288,8,2.000000,2.000000,3.688563,3.122000,-48.541701,135.704864,13.621127,3.405282,70.136754,114.775899,114.775899,0.000090,97,4.035779,0,0,0,0.000000
2025-06-19,ok,,24,288,8,2.000000,2.000000,3.946125,3.340000,-80.741734,44.408184,14.572250,3.643062,-54.548862,177.144241,177.144241,0.000089,97,5.412213,0,0,0,0.000000
2025-06-20,ok,,24,288,8,2.000000,2.000000,3.923913,3.321200,-63.326701,54.428046,14.490226,3.622557,-27.011437,163.589423,163.589423,0.000092,97,4.946036,0,0,0,0.000000
2025-06-21,ok,,24,288,8,2.000000,2.000000,2.673913,2.263200,-35.212880,27.227605,9.874226,2.468557,-20.328058,69.218296,69.218296,0.000040,97,5.452366,0,0,0,0.000000
2025-06-22,ok,,24,288,8,2.000000,2.000000,2.862949,2.423200,-44.276304,-6.129819,10.572298,2.643074,-63.621495,69.218296,69.218296,0.000088,97,5.044792,0,0,0,0.000000
2025-06-23,ok,,24,288,8,2.000000,2.000000,2.673913,2.263200,212.033488,-1383.524695,9.874226,2.468557,-1183.833989,79.728351,79.728351,0.000090,97,4.384051,0,0,0,0.000000
2025-06-24,ok,,24,288,8,2.000000,2.000000,2.173913,1.840000,316.494368,-3261.612953,8.027826,2.006957,-2955.153368,79.728351,79.728351,0.000080,97,4.229126,0,0,0,0.000000
2025-06-25,ok,,24,288,8,2.000000,2.000000,3.923913,3.321200,-540.931103,1891.592739,14.490226,3.622557,1332.548853,627.168071,627.168071,0.000056,97,4.800645,0,0,0,0.000000
2025-06-26,ok,,24,288,8,2.000000,2.000000,7.188563,6.084400,-120.047756,98.974858,26.545927,6.636482,-54.255306,1518.801312,1518.801312,0.000096,97,4.751032,0,0,0,0.000000
2025-06-27,ok,,24,288,8,2.000000,2.000000,5.014650,4.244400,-93.702471,89.309156,18.518101,4.629525,-27.540941,1490.140358,1490.140358,0.000099,97,3.712671,0,0,0,0.000000
2025-06-28,ok,,24,288,8,2.000000,2.000000,3.173913,2.686400,-39.430378,9.721967,11.720626,2.930157,-44.359194,81.956387,81.956387,0.000008,97,5.314883,0,0,0,0.000000
2025-06-29,ok,,24,288,8,2.000000,2.000000,2.673913,2.263200,-46.036994,-20.856956,9.874226,2.468557,-79.236733,81.956387,81.956387,0.000098,97,5.276251,0,0,0,0.000000
2025-06-30,ok,,24,288,8,2.000000,2.000000,6.983459,5.910800,-218.686066,642.611518,25.788519,6.447130,391.689804,1535.548256,1535.548256,0.000080,97,3.736949,0,0,0,0.000000
2025-07-01,ok,,24,288,8,2.000000,2.000000,5.779301,4.891600,-368.290391,9496.523405,21.341801,5.335450,9101.555762,1535.548256,1535.548256,0.000063,97,4.473085,0,0,0,0.000000
2025-07-02,ok,,24,288,8,2.000000,2.000000,7.332231,6.206000,-176.412595,143.586518,27.076461,6.769115,-66.671653,1602.185530,1602.185530,0.000095,97,3.783119,0,0,0,0.000000
2025-07-03,ok,,24,288,8,2.000000,2.000000,5.847353,4.949200,-168.327469,136.083779,21.593107,5.398277,-59.235074,2021.459649,2021.459649,0.000088,97,3.486117,0,0,0,0.000000
2025-07-04,ok,,24,288,8,2.000000,2.000000,5.347353,4.526000,-157.219937,104.639736,19.746707,4.936677,-77.263585,1996.805293,1996.805293,0.000099,97,3.483897,0,0,0,0.000000
2025-07-05,ok,,24,288,8,2.000000,2.000000,4.514650,3.821200,-102.004386,278.203718,16.671701,4.167925,155.359707,111.042175,111.042175,0.000095,97,4.550151,0,0,0,0.000000
2025-07-06,ok,,24,288,8,2.000000,2.000000,4.855388,4.109600,-119.649698,266.219202,17.929975,4.482494,124.157036,111.042175,111.042175,0.000031,97,4.994006,0,0,0,0.000000
2025-07-07,ok,,24,288,8,2.000000,2.000000,5.612004,4.750000,-326.440768,-32.561861,20.724008,5.181002,-384.907638,2017.590236,2017.590236,0.000059,97,3.653623,0,0,0,0.000000
2025-07-08,ok,,24,288,8,2.000000,2.000000,6.764650,5.725600,-363.207349,286.199981,24.980501,6.245125,-108.232995,2017.590236,2017.590236,0.000091,97,3.571086,0,0,0,0.000000
2025-07-09,ok,,24,288,8,2.000000,2.000000,5.340737,4.520400,-182.550320,124.106235,19.722274,4.930569,-83.096929,2044.117403,2044.117403,0.000053,97,3.499257,0,0,0,0.000000
2025-07-10,ok,,24,288,8,2.000000,2.000000,5.892722,4.987600,-177.311400,229.240475,21.760644,5.440161,24.728269,1979.258616,1979.258616,0.000075,97,3.700736,0,0,0,0.000000
2025-07-11,ok,,24,288,8,2.000000,2.000000,5.810019,4.917600,-180.262657,179.695743,21.455238,5.363809,-27.385962,1964.611843,1964.611843,0.000094,97,3.509930,0,0,0,0.000000
2025-07-12,ok,,24,288,8,2.000000,2.000000,4.991493,4.224800,-90.658485,-27.124929,18.432587,4.608147,-140.824148,135.138481,135.138481,0.000091,97,5.619288,0,0,0,0.000000
2025-07-13,ok,,24,288,8,2.000000,2.000000,4.560019,3.859600,-99.040663,239.625691,16.839238,4.209809,119.535980,135.138481,135.138481,0.000095,97,4.763171,0,0,0,0.000000
2025-07-14,ok,,24,288,8,2.000000,2.000000,5.907372,5.000000,-239.802240,480.834650,21.814745,5.453686,213.763979,1961.262612,1961.262612,0.000070,97,3.624536,0,0,0,0.000000
2025-07-15,ok,,24,288,8,2.000000,2.000000,5.188563,4.391600,-466.574704,1350.174583,19.160327,4.790082,859.649470,1961.262612,1961.262612,0.000070,97,3.588860,0,0,0,0.000000
2025-07-16,ok,,24,288,8,2.000000,2.000000,7.384216,6.250000,-601.156957,30.374528,27.268431,6.817108,-604.867967,1975.737773,1975.737773,0.000074,97,3.880190,0,0,0,0.000000
2025-07-17,ok,,24,288,8,2.000000,2.000000,7.438563,6.296000,-654.864084,196.051499,27.469127,6.867282,-493.148993,2057.420781,2057.420781,0.000092,97,5.149196,0,0,0,0.000000
2025-07-18,ok,,24,288,8,2.000000,2.000000,5.839792,4.942800,-184.548473,66.981935,21.565184,5.391296,-144.523019,2025.620863,2025.620863,0.000100,97,3.722274,0,0,0,0.000000
2025-07-19,ok,,24,288,8,2.000000,2.000000,3.469282,2.936400,-102.097592,171.378417,12.811363,3.202841,53.266620,143.372172,143.372172,0.000075,97,4.548571,0,0,0,0.000000
2025-07-20,ok,,24,288,8,2.000000,2.000000,6.120038,5.180000,-106.225528,409.025206,22.600076,5.650019,274.549584,143.372172,143.372172,0.000098,97,5.205515,0,0,0,0.000000
2025-07-21,ok,,24,288,8,2.000000,2.000000,5.196125,4.398000,-160.012760,178.465918,19.188250,4.797062,-5.532154,1981.474786,1981.474786,0.000091,97,3.744019,0,0,0,0.000000
2025-07-22,ok,,24,288,8,2.000000,2.000000,5.196125,4.398000,-153.328637,110.408168,19.188250,4.797062,-66.905781,1981.474786,1981.474786,0.000099,97,3.713161,0,0,0,0.000000
2025-07-23,ok,,24,288,8,2.000000,2.000000,5.347353,4.526000,-163.986631,147.151914,19.746707,4.936677,-41.518100,2010.733607,2010.733607,0.000097,97,3.753821,0,0,0,0.000000
2025-07-24,ok,,24,288,8,2.000000,2.000000,5.014650,4.244400,-382.477840,208.699991,18.518101,4.629525,-196.925474,1526.302484,1526.302484,0.000098,97,3.799214,0,0,0,0.000000
2025-07-25,ok,,24,288,8,2.000000,2.000000,4.923913,4.167600,-866.989960,5447.252604,18.183026,4.545757,4557.533861,1424.437118,1424.437118,0.000098,97,4.351114,0,0,0,0.000000
2025-07-26,ok,,24,288,8,2.000000,2.000000,3.310019,2.801600,-125.074220,96.148831,12.223238,3.055809,-44.204436,194.994604,194.994604,0.000042,97,5.007845,0,0,0,0.000000
2025-07-27,ok,,24,288,8,2.000000,2.000000,3.499055,2.961600,-122.391647,252.908714,12.921310,3.230327,114.365430,194.994604,194.994604,0.000070,97,4.715581,0,0,0,0.000000
2025-07-28,ok,,24,288,8,2.000000,2.000000,4.643195,3.930000,-404.242385,1694.813281,17.146389,4.286597,1269.137910,1445.352148,1445.352148,0.000090,97,4.628033,0,0,0,0.000000
2025-07-29,ok,,24,288,8,2.000000,2.000000,5.233932,4.430000,-530.252508,1470.491677,19.327864,4.831966,916.079339,1445.352148,1445.352148,0.000086,97,4.895927,0,0,0,0.000000
2025-07-30,ok,,24,288,8,2.000000,2.000000,6.415406,5.430000,-952.969849,7483.723308,23.690813,5.922703,6501.139943,1471.319658,1471.319658,0.000091,97,5.384352,0,0,0,0.000000
2025-07-31,ok,,24,288,8,2.000000,2.000000,6.355388,5.379200,-182.124078,98.023939,23.469175,5.867294,-113.436607,1640.778280,1640.778280,0.000096,97,4.852317,0,0,0,0.000000
2025-08-01,ok,,24,288,8,2.000000,2.000000,4.795369,4.058800,-98.240492,69.774335,17.708337,4.427084,-50.601578,1210.206928,1210.206928,0.000065,97,3.737854,0,0,0,0.000000
2025-08-02,ok,,24,288,8,2.000000,2.000000,2.764650,2.340000,-92.780549,76.264519,10.209301,2.552325,-29.277655,161.405795,161.405795,0.000073,97,4.549153,0,0,0,0.000000
2025-08-03,ok,,24,288,8,2.000000,2.000000,3.544423,3.000000,-120.228057,284.719433,13.088847,3.272212,148.130317,161.405795,161.405795,0.000084,97,4.241869,0,0,0,0.000000
2025-08-04,ok,,24,288,8,2.000000,2.000000,4.953686,4.192800,-4.137063,82.687642,18.292972,4.573243,55.684364,1258.462002,1258.462002,0.000099,97,4.461368,0,0,0,0.000000
2025-08-05,ok,,24,288,8,2.000000,2.000000,5.014650,4.244400,-14.535823,36.165071,18.518101,4.629525,-1.518378,1258.462002,1258.462002,0.000091,97,4.514652,0,0,0,0.000000
2025-08-06,ok,,24,288,8,2.000000,2.000000,4.250000,3.597200,-66.908585,80.191720,15.694400,3.923600,-6.334865,1211.834644,1211.834644,0.000097,97,4.210237,0,0,0,0.000000
2025-08-07,ok,,24,288,8,2.000000,2.000000,5.264650,4.456000,-98.636790,141.763444,19.441301,4.860325,18.825028,1197.239212,1197.239212,0.000066,97,4.358090,0,0,0,0.000000
2025-08-08,ok,,24,288,8,2.000000,2.000000,5.143195,4.353200,-144.016922,231.601705,18.992789,4.748197,63.843796,1203.503902,1203.503902,0.000086,97,4.082310,0,0,0,0.000000
2025-08-09,ok,,24,288,8,2.000000,2.000000,3.900756,3.301600,-54.876196,160.038219,14.404712,3.601178,87.156132,141.116326,141.116326,0.000099,97,4.349945,0,0,0,0.000000
2025-08-10,ok,,24,288,8,2.000000,2.000000,4.643195,3.930000,-65.282471,1634.368501,17.146389,4.286597,1547.653043,141.116326,141.116326,0.000038,97,4.804810,0,0,0,0.000000
2025-08-11,ok,,24,288,8,2.000000,2.000000,5.870510,4.968800,104.699601,52.313320,21.678621,5.419655,129.914644,1226.423169,1226.423169,0.000095,97,4.520441,0,0,0,0.000000
2025-08-12,ok,,24,288,8,2.000000,2.000000,5.847353,4.949200,42.253725,127.164537,21.593107,5.398277,142.426878,1226.423169,1226.423169,0.000098,97,4.308914,0,0,0,0.000000
2025-08-13,ok,,24,288,8,2.000000,2.000000,5.060019,4.282800,-338.927040,17.151679,18.685638,4.671409,-345.132408,1233.727021,1233.727021,0.000049,97,4.526009,0,0,0,0.000000
2025-08-14,ok,,24,288,8,2.000000,2.000000,5.256616,4.449200,-51.241440,54.286191,19.411633,4.852908,-21.219789,1187.157434,1187.157434,0.000088,97,4.032308,0,0,0,0.000000
2025-08-15,ok,,24,288,8,2.000000,2.000000,5.250000,4.443600,-89.473384,76.842562,19.387200,4.846800,-36.864822,1182.929998,1182.929998,0.000100,97,3.789451,0,0,0,0.000000
2025-08-16,ok,,24,288,8,2.000000,2.000000,4.605388,3.898000,-133.201527,136.135996,17.006775,4.251694,-18.324000,406.046032,406.046032,0.000083,97,5.344684,0,0,0,0.000000
2025-08-17,ok,,24,288,8,2.000000,2.000000,4.355388,3.686400,-183.564372,54.428339,16.083575,4.020894,-149.240502,406.046032,406.046032,0.000097,97,5.439240,0,0,0,0.000000
2025-08-18,ok,,24,288,8,2.000000,2.000000,5.143667,4.353600,-66.045689,34.016994,18.994535,4.748634,-55.771864,1195.332891,1195.332891,0.000045,97,3.884741,0,0,0,0.000000
2025-08-19,ok,,24,288,8,2.000000,2.000000,4.969282,4.206000,-35.185343,16.381840,18.350563,4.587641,-41.741707,1195.332891,1195.332891,0.000088,97,3.838315,0,0,0,0.000000
2025-08-20,ok,,24,288,8,2.000000,2.000000,4.750000,4.020400,-87.044022,24.951274,17.540800,4.385200,-84.018748,1203.243667,1203.243667,0.000098,97,3.646935,0,0,0,0.000000
2025-08-21,ok,,24,288,8,2.000000,2.000000,4.750000,4.020400,-67.675892,8.182699,17.540800,4.385200,-81.419193,1182.636479,1182.636479,0.000095,97,3.623934,0,0,0,0.000000
2025-08-22,ok,,24,288,8,2.000000,2.000000,4.522212,3.827600,-100.773061,74.543285,16.699623,4.174906,-47.104305,1182.781784,1182.781784,0.000099,97,4.041134,0,0,0,0.000000
2025-08-23,ok,,24,288,8,2.000000,2.000000,3.469282,2.936400,-77.062343,39.017936,12.811363,3.202841,-54.058611,322.090652,322.090652,0.000077,97,3.655642,0,0,0,0.000000
2025-08-24,ok,,24,288,8,2.000000,2.000000,3.469282,2.936400,-73.432789,57.841736,12.811363,3.202841,-31.605257,322.090652,322.090652,0.000077,97,3.639880,0,0,0,0.000000
2025-08-25,ok,,24,288,8,2.000000,2.000000,4.286862,3.628400,17.849250,18.197614,15.830524,3.957631,16.258709,1009.315907,1009.315907,0.000056,97,4.206910,0,0,0,0.000000
2025-08-26,ok,,24,288,8,2.000000,2.000000,3.977316,3.366400,13.962907,-15.834931,14.687431,3.671858,-20.231313,1009.315907,1009.315907,0.000031,97,4.210581,0,0,0,0.000000
2025-08-27,ok,,24,288,8,2.000000,2.000000,3.469282,2.936400,-3.865338,-27.137177,12.811363,3.202841,-47.016719,1024.734965,1024.734965,0.000068,97,3.961284,0,0,0,0.000000
2025-08-28,ok,,24,288,8,2.000000,2.000000,3.719282,3.148000,-24.008434,47.613055,13.734563,3.433641,6.436417,1009.602680,1009.602680,0.000076,97,3.299453,0,0,0,0.000000
2025-08-29,ok,,24,288,8,2.000000,2.000000,3.150756,2.666800,-3.876994,39.002415,11.635112,2.908778,20.581531,992.567113,992.567113,0.000095,97,3.576715,0,0,0,0.000000
2025-08-30,ok,,24,288,8,2.000000,2.000000,3.469282,2.936400,-48.514564,70.311575,12.811363,3.202841,5.782806,295.802858,295.802858,0.000075,97,3.823791,0,0,0,0.000000
2025-08-31,ok,,24,288,8,2.000000,2.000000,3.469282,2.936400,-63.992249,61.042679,12.811363,3.202841,-18.963774,295.802858,295.802858,0.000093,97,3.861918,0,0,0,0.000000
2025-09-01,ok,,24,288,8,2.000000,2.000000,3.000000,2.539200,18.659660,46.228517,11.078400,2.769600,51.040177,150.767096,150.767096,0.000097,97,4.033109,0,0,0,0.000000
2025-09-02,ok,,24,288,8,2.000000,2.000000,3.681474,3.116000,29.617110,68.195991,13.594949,3.398737,80.819415,150.767096,150.767096,0.000096,97,3.910520,0,0,0,0.000000
2025-09-03,ok,,24,288,8,2.000000,2.000000,2.173913,1.840000,9.955287,55.584984,8.027826,2.006957,55.505489,160.728467,160.728467,0.000096,97,3.874072,0,0,0,0.000000
2025-09-04,ok,,24,288,8,2.000000,2.000000,2.923913,2.474800,6.993412,70.679543,10.797426,2.699357,64.176172,165.306678,165.306678,0.000100,97,4.373719,0,0,0,0.000000
2025-09-05,ok,,24,288,8,2.000000,2.000000,3.855388,3.263200,-10.026640,72.690414,14.237175,3.559294,44.867305,163.312598,163.312598,0.000090,97,4.204740,0,0,0,0.000000
2025-09-06,ok,,24,288,8,2.000000,2.000000,5.128544,4.340800,-61.681415,110.413050,18.938689,4.734672,25.058274,290.599139,290.599139,0.000085,97,5.235955,0,0,0,0.000000
2025-09-07,ok,,24,288,8,2.000000,2.000000,4.150756,3.513200,-62.444845,132.872734,15.327912,3.831978,51.267998,290.599139,290.599139,0.000078,97,4.920760,0,0,0,0.000000
2025-09-08,ok,,24,288,8,2.000000,2.000000,2.469282,2.090000,7.680702,28.495540,9.118563,2.279641,24.778038,153.384441,153.384441,0.000048,97,3.862277,0,0,0,0.000000
2025-09-09,ok,,24,288,8,2.000000,2.000000,2.764650,2.340000,4.386594,-6.541223,10.209301,2.552325,-14.916255,153.384441,153.384441,0.000085,97,3.881693,0,0,0,0.000000
2025-09-10,ok,,24,288,8,2.000000,2.000000,2.469282,2.090000,6.671149,31.672324,9.118563,2.279641,26.945269,153.149342,153.149342,0.000084,97,4.196301,0,0,0,0.000000
2025-09-11,ok,,24,288,8,2.000000,2.000000,2.719282,2.301600,29.648769,26.289181,10.041763,2.510441,43.385745,116.996082,116.996082,0.000093,97,3.928817,0,0,0,0.000000
2025-09-12,ok,,24,288,8,2.000000,2.000000,4.135161,3.500000,45.281816,13.788327,15.270321,3.817580,39.982241,76.938094,76.938094,0.000077,97,3.991568,0,0,0,0.000000
2025-09-13,ok,,24,288,8,2.000000,2.000000,3.469282,2.936400,21.599835,26.503067,12.811363,3.202841,32.088698,112.104658,112.104658,0.000100,97,3.579456,0,0,0,0.000000
2025-09-14,ok,,24,288,8,2.000000,2.000000,4.725898,4.000000,36.852776,40.559184,17.451796,4.362949,55.597215,112.104658,112.104658,0.000088,97,3.547078,0,0,0,0.000000
2025-09-15,ok,,24,288,8,2.000000,2.000000,5.847826,4.949600,39.955180,19.853709,21.594852,5.398713,32.815323,70.839534,70.839534,0.000090,97,4.562399,0,0,0,0.000000
2025-09-16,ok,,24,288,8,2.000000,2.000000,2.954631,2.500800,3.414173,33.086955,10.910863,2.727716,22.862549,70.839534,70.839534,0.000100,97,4.876606,0,0,0,0.000000
2025-09-17,ok,,24,288,8,2.000000,2.000000,4.725898,4.000000,-7.264874,45.780497,17.451796,4.362949,16.700878,89.049274,89.049274,0.000093,97,4.491830,0,0,0,0.000000
2025-09-18,ok,,24,288,8,2.000000,2.000000,5.393195,4.564800,35.615462,40.469337,19.915989,4.978997,51.189813,98.635435,98.635435,0.000096,97,3.986380,0,0,0,0.000000
2025-09-19,ok,,24,288,8,2.000000,2.000000,3.969282,3.359600,29.062260,-59.470438,14.657763,3.664441,-48.730382,96.524662,96.524662,0.000089,97,5.650085,0,0,0,0.000000
2025-09-20,ok,,24,288,8,2.000000,2.000000,5.204631,4.405200,12.809773,19.162429,19.219663,4.804916,7.947623,97.308713,97.308713,0.000088,97,4.316266,0,0,0,0.000000
2025-09-21,ok,,24,288,8,2.000000,2.000000,3.719282,3.148000,23.103615,27.650557,13.734563,3.433641,33.585968,97.308713,97.308713,0.000074,97,4.192852,0,0,0,0.000000
2025-09-22,ok,,24,288,8,2.000000,2.000000,4.908318,4.154400,-8.917968,69.282453,18.125435,4.531359,37.707691,86.099460,86.099460,0.000089,97,4.731549,0,0,0,0.000000
2025-09-23,ok,,24,288,8,2.000000,2.000000,5.347826,4.526400,-14.123824,83.174462,19.748452,4.937113,44.365072,86.099460,86.099460,0.000087,97,5.205639,0,0,0,0.000000
2025-09-24,ok,,24,288,8,2.000000,2.000000,4.650756,3.936400,-7.138896,-9.237615,17.174312,4.293578,-37.844401,95.503662,95.503662,0.000054,97,5.135960,0,0,0,0.000000
2025-09-25,ok,,24,288,8,2.000000,2.000000,3.400756,2.878400,5.844351,42.385753,12.558312,3.139578,32.532213,94.945872,94.945872,0.000071,97,5.129486,0,0,0,0.000000
2025-09-26,ok,,24,288,8,2.000000,2.000000,5.612004,4.750000,-48.577840,70.060072,20.724008,5.181002,-4.422777,119.033085,119.033085,0.000075,97,5.403935,0,0,0,0.000000
2025-09-27,ok,,24,288,8,2.000000,2.000000,5.537807,4.687200,-66.456750,64.342805,20.450014,5.112504,-27.676462,111.748358,111.748358,0.000081,97,4.503326,0,0,0,0.000000
2025-09-28,ok,,24,288,8,2.000000,2.000000,4.999055,4.231200,-64.919762,176.440488,18.460510,4.615127,88.445089,111.748358,111.748358,0.000095,97,4.777156,0,0,0,0.000000
2025-09-29,ok,,24,288,8,2.000000,2.000000,2.500000,2.116000,-41.041850,103.266062,9.232000,2.308000,50.684212,120.582569,120.582569,0.000092,97,4.116783,0,0,0,0.000000
2025-09-30,ok,,24,288,8,2.000000,2.000000,4.135161,3.500000,-31.142528,154.057477,15.270321,3.817580,103.827047,120.582569,120.582569,0.000094,97,4.552759,0,0,0,0.000000
2025-10-01,ok,,24,288,8,2.000000,2.000000,3.719282,3.148000,-18.263116,49.488162,13.734563,3.433641,14.056842,128.908063,128.908063,0.000075,97,4.565986,0,0,0,0.000000
2025-10-02,ok,,24,288,8,2.000000,2.000000,3.839792,3.250000,-14.155189,103.539508,14.179584,3.544896,71.659839,106.264659,106.264659,0.000089,97,5.109568,0,0,0,0.000000
2025-10-03,ok,,24,288,8,2.000000,2.000000,5.362004,4.538400,-2.818907,158.658412,19.800808,4.950202,131.088495,106.264659,106.264659,0.000094,97,5.295038,0,0,0,0.000000
2025-10-04,ok,,24,288,8,2.000000,2.000000,5.136106,4.347200,-54.578476,202.081952,18.966612,4.741653,123.795211,132.482493,132.482493,0.000075,97,5.211374,0,0,0,0.000000
2025-10-05,ok,,24,288,8,2.000000,2.000000,5.233932,4.430000,-56.266953,967.339279,19.327864,4.831966,886.912496,132.482493,132.482493,0.000095,97,5.001903,0,0,0,0.000000
2025-10-06,ok,,24,288,8,2.000000,2.000000,4.469282,3.782800,-1.376495,515.931306,16.504163,4.126041,493.924607,116.228202,116.228202,0.000098,97,4.035947,0,0,0,0.000000
2025-10-07,ok,,24,288,8,2.000000,2.000000,5.423913,4.590800,-4.933487,59.921266,20.029426,5.007357,29.950996,116.228202,116.228202,0.000086,97,4.808861,0,0,0,0.000000
2025-10-08,ok,,24,288,8,2.000000,2.000000,3.915879,3.314400,-59.408224,57.163727,14.460558,3.615140,-20.320195,154.339719,154.339719,0.000081,97,5.060315,0,0,0,0.000000
2025-10-09,ok,,24,288,8,2.000000,2.000000,4.400756,3.724800,-63.797940,110.452099,16.251112,4.062778,26.340268,126.379559,126.379559,0.000083,97,4.577977,0,0,0,0.000000
2025-10-10,ok,,24,288,8,2.000000,2.000000,3.855388,3.263200,-110.309851,148.624932,14.237175,3.559294,20.518613,123.258379,123.258379,0.000082,97,3.783623,0,0,0,0.000000
2025-10-11,ok,,24,288,8,2.000000,2.000000,4.915879,4.160800,-74.879944,56.666194,18.153358,4.538340,-40.905448,230.277919,230.277919,0.000082,97,5.458322,0,0,0,0.000000
2025-10-12,ok,,24,288,8,2.000000,2.000000,5.211248,4.410800,-106.938819,165.296821,19.244095,4.811024,34.302882,230.277919,230.277919,0.000092,97,5.471775,0,0,0,0.000000
2025-10-13,ok,,24,288,8,2.000000,2.000000,3.810019,3.224800,-39.888881,107.702837,14.069638,3.517409,50.226909,129.605827,129.605827,0.000083,97,3.818528,0,0,0,0.000000
2025-10-14,ok,,24,288,8,2.000000,2.000000,6.560019,5.552400,-65.356955,144.243539,24.224838,6.056209,48.605537,129.605827,129.605827,0.000069,97,4.896055,0,0,0,0.000000
2025-10-15,ok,,24,288,8,2.000000,2.000000,5.681474,4.808800,-83.772437,155.824944,20.980549,5.245137,45.826821,125.048759,125.048759,0.000097,97,4.460918,0,0,0,0.000000
2025-10-16,ok,,24,288,8,2.000000,2.000000,5.734877,4.854000,-51.437780,263.740153,21.177754,5.294439,185.830180,105.412848,105.412848,0.000064,97,4.457135,0,0,0,0.000000
2025-10-17,ok,,24,288,8,2.000000,2.000000,5.893195,4.988000,-47.233126,220.798518,21.762389,5.440597,146.362405,107.550929,107.550929,0.000098,97,4.430545,0,0,0,0.000000
2025-10-18,ok,,24,288,8,2.000000,2.000000,5.672968,4.801600,-83.936751,76.438203,20.949136,5.237284,-33.684968,201.942536,201.942536,0.000057,97,5.332401,0,0,0,0.000000
2025-10-19,ok,,24,288,8,2.000000,2.000000,5.446125,4.609600,-92.775140,155.517967,20.111450,5.027862,37.603515,201.942536,201.942536,0.000090,97,5.014328,0,0,0,0.000000
2025-10-20,ok,,24,288,8,2.000000,2.000000,4.847826,4.103200,-127.021088,161.006803,17.902052,4.475513,11.608149,146.587232,146.587232,0.000095,97,4.740827,0,0,0,0.000000
2025-10-21,ok,,24,288,8,2.000000,2.000000,6.202741,5.250000,-88.614704,514.264007,22.905482,5.726371,397.017450,146.587232,146.587232,0.000094,97,4.840791,0,0,0,0.000000
2025-10-22,ok,,24,288,8,2.000000,2.000000,4.173913,3.532800,-109.075481,83.363518,15.413426,3.853357,-44.978746,156.481658,156.481658,0.000094,97,4.692879,0,0,0,0.000000
2025-10-23,ok,,24,288,8,2.000000,2.000000,5.612004,4.750000,-160.274528,797.596802,20.724008,5.181002,611.417265,162.663355,162.663355,0.000063,97,5.114748,0,0,0,0.000000
2025-10-24,ok,,24,288,8,2.000000,2.000000,5.567580,4.712400,-63.654514,204.849369,20.559961,5.139990,115.494904,174.797248,174.797248,0.000093,97,5.401784,0,0,0,0.000000
2025-10-25,ok,,24,288,8,2.000000,2.000000,4.332231,3.666800,-114.331336,63.142666,15.998061,3.999515,-71.186247,184.412155,184.412155,0.000092,97,5.598242,0,0,0,0.000000
2025-10-26,ok,,24,288,8,2.000000,2.000000,5.422968,4.590000,-117.970129,175.699622,20.025936,5.006484,32.697073,184.412155,184.412155,0.000058,97,5.209935,0,0,0,0.000000
2025-10-27,ok,,24,288,8,2.000000,2.000000,5.536862,4.686400,-114.254929,429.034395,20.446524,5.111631,289.221311,152.834898,152.834898,0.000093,97,4.919220,0,0,0,0.000000
2025-10-28,ok,,24,288,8,2.000000,2.000000,5.250000,4.443600,-106.803418,132.018931,19.387200,4.846800,0.981514,152.834898,152.834898,0.000091,97,4.494009,0,0,0,0.000000
2025-10-29,ok,,24,288,8,2.000000,2.000000,3.991493,3.378400,-77.003940,105.009887,14.739787,3.684947,9.581213,162.893785,162.893785,0.000089,97,5.512362,0,0,0,0.000000
2025-10-30,ok,,24,288,8,2.000000,2.000000,4.596881,3.890800,-147.297280,239.100675,16.975362,4.243840,70.584193,164.956064,164.956064,0.000072,97,5.309657,0,0,0,0.000000
2025-10-31,ok,,24,288,8,2.000000,2.000000,4.862949,4.116000,-112.253103,127.583200,17.957898,4.489474,-7.117276,136.388220,136.388220,0.000098,97,5.602418,0,0,0,0.000000
2025-11-01,ok,,24,288,8,2.000000,2.000000,6.309074,5.340000,-135.698612,410.380632,23.298147,5.824537,245.559336,169.469860,169.469860,0.000097,97,5.851249,0,0,0,0.000000
2025-11-02,ok,,25,300,8,2.000000,2.000000,7.059074,5.974800,-140.000200,389.455386,26.067747,6.516937,216.870502,173.818636,173.818636,0.000069,101,6.157170,0,0,0,0.000000
2025-11-03,ok,,24,288,8,2.000000,2.000000,4.847826,4.103200,-2.729744,69.674850,17.902052,4.475513,44.567541,167.850261,167.850261,0.000098,97,3.976835,0,0,0,0.000000
2025-11-04,ok,,24,288,8,2.000000,2.000000,6.415406,5.430000,5.065136,123.736173,23.690813,5.922703,99.187793,167.850261,167.850261,0.000093,97,4.009331,0,0,0,0.000000
2025-11-05,ok,,24,288,8,2.000000,2.000000,6.157372,5.211600,-98.433981,191.335623,22.737945,5.684486,64.479211,210.636302,210.636302,0.000089,97,4.743166,0,0,0,0.000000
2025-11-06,ok,,24,288,8,2.000000,2.000000,5.907372,5.000000,47.671483,99.781860,21.814745,5.453686,120.184913,115.638955,115.638955,0.000085,97,5.094404,0,0,0,0.000000
2025-11-07,ok,,24,288,8,2.000000,2.000000,5.083176,4.302400,7.051776,36.687546,18.771152,4.692788,20.275383,115.638955,115.638955,0.000094,97,5.207442,0,0,0,0.000000
2025-11-08,ok,,24,288,8,2.000000,2.000000,5.310019,4.494400,12.559009,51.091163,19.608838,4.902209,39.139125,96.991399,96.991399,0.000073,97,5.506966,0,0,0,0.000000
2025-11-09,ok,,24,288,8,2.000000,2.000000,4.915879,4.160800,5.370822,92.620966,18.153358,4.538340,75.300091,96.991399,96.991399,0.000083,97,5.872187,0,0,0,0.000000
2025-11-10,ok,,24,288,8,2.000000,2.000000,5.483932,4.641600,-69.274658,429.467166,20.251064,5.062766,334.878678,178.923327,178.923327,0.000091,97,4.650045,0,0,0,0.000000
2025-11-11,ok,,24,288,8,2.000000,2.000000,5.347826,4.526400,-59.800312,110.465563,19.748452,4.937113,25.979687,178.923327,178.923327,0.000091,97,4.731738,0,0,0,0.000000
2025-11-12,ok,,24,288,8,2.000000,2.000000,5.271267,4.461600,-17.850280,10.564225,19.465733,4.866433,-31.618221,219.491082,219.491082,0.000073,97,5.209874,0,0,0,0.000000
2025-11-13,ok,,24,288,8,2.000000,2.000000,4.597826,3.891600,-52.553090,177.148808,16.978852,4.244713,103.372153,205.049834,205.049834,0.000100,97,5.605236,0,0,0,0.000000
2025-11-14,ok,,24,288,8,2.000000,2.000000,3.923913,3.321200,25.075094,32.065083,14.490226,3.622557,39.027395,153.822655,153.822655,0.000098,97,5.184148,0,0,0,0.000000
2025-11-15,ok,,24,288,8,2.000000,2.000000,3.741493,3.166800,-91.581554,190.524024,13.816587,3.454147,81.671736,109.747536,109.747536,0.000088,97,5.480384,0,0,0,0.000000
2025-11-16,ok,,24,288,8,2.000000,2.000000,3.719282,3.148000,-57.329951,86.515858,13.734563,3.433641,12.017703,109.747536,109.747536,0.000094,97,4.802969,0,0,0,0.000000
2025-11-17,ok,,24,288,8,2.000000,2.000000,5.597826,4.738000,-8.641393,139.629874,20.671652,5.167913,105.148916,171.318214,171.318214,0.000085,97,5.091512,0,0,0,0.000000
2025-11-18,ok,,24,288,8,2.000000,2.000000,5.051985,4.276000,29.447883,97.685676,18.655970,4.663992,103.813596,171.318214,171.318214,0.000078,97,4.753853,0,0,0,0.000000
2025-11-19,ok,,24,288,8,2.000000,2.000000,4.893195,4.141600,53.828192,-139.323695,18.069589,4.517397,-108.082490,155.666473,155.666473,0.000099,97,4.541674,0,0,0,0.000000
2025-11-20,ok,,24,288,8,2.000000,2.000000,6.915406,5.853200,-173.637683,177.737508,25.537213,6.384303,-27.821691,280.467456,280.467456,0.000001,97,5.683023,0,0,0,0.000000
2025-11-21,ok,,24,288,8,2.000000,2.000000,4.605388,3.898000,-104.138244,118.765365,17.006775,4.251694,-6.631348,213.780232,213.780232,0.000076,97,5.575612,0,0,0,0.000000
2025-11-22,ok,,24,288,8,2.000000,2.000000,5.127599,4.340000,-30.529660,191.948248,18.935198,4.733800,137.749590,109.764269,109.764269,0.000085,97,5.933724,0,0,0,0.000000
2025-11-23,ok,,24,288,8,2.000000,2.000000,2.635161,2.230400,-53.221735,98.563608,9.731121,2.432780,33.177971,109.764269,109.764269,0.000050,97,5.751664,0,0,0,0.000000
2025-11-24,ok,,24,288,8,2.000000,2.000000,5.612004,4.750000,-42.299707,147.506496,20.724008,5.181002,79.301779,188.486110,188.486110,0.000060,97,4.068408,0,0,0,0.000000
2025-11-25,ok,,24,288,8,2.000000,2.000000,5.983932,5.064800,-104.810300,243.033215,22.097464,5.524366,110.601085,188.486110,188.486110,0.000078,97,4.228267,0,0,0,0.000000
2025-11-26,ok,,24,288,8,2.000000,2.000000,3.946125,3.340000,-90.609297,50.008495,14.572250,3.643062,-58.816114,158.478474,158.478474,0.000091,97,3.961822,0,0,0,0.000000
2025-11-27,ok,,24,288,8,2.000000,2.000000,3.650756,3.090000,-76.065017,4.939748,13.481512,3.370378,-87.977159,179.038231,179.038231,0.000096,97,4.081864,0,0,0,0.000000
2025-11-28,ok,,24,288,8,2.000000,2.000000,3.264650,2.763200,-75.375266,32.362077,12.055701,3.013925,-58.082814,172.821646,172.821646,0.000085,97,3.988098,0,0,0,0.000000
2025-11-29,ok,,24,288,8,2.000000,2.000000,3.544423,3.000000,-48.859092,134.537439,13.088847,3.272212,69.317288,140.782071,140.782071,0.000091,97,5.203867,0,0,0,0.000000
2025-11-30,ok,,24,288,8,2.000000,2.000000,4.500000,3.808800,-124.231950,169.217251,16.617600,4.154400,24.213301,140.782071,140.782071,0.000000,97,5.824471,0,0,0,0.000000
2025-12-01,ok,,24,288,8,2.000000,2.000000,5.074669,4.295200,-86.893769,112.806489,18.739738,4.684935,2.488047,185.864285,185.864285,0.000089,97,4.609710,0,0,0,0.000000
2025-12-02,ok,,24,288,8,2.000000,2.000000,3.014650,2.551600,-234.040083,219.503817,11.132501,2.783125,-28.451893,185.864285,185.864285,0.000017,97,4.849894,0,0,0,0.000000
2025-12-03,ok,,24,288,8,2.000000,2.000000,3.264650,2.763200,-95.208771,190.611937,12.055701,3.013925,80.333540,197.449750,197.449750,0.000091,97,5.029640,0,0,0,0.000000
2025-12-04,ok,,24,288,8,2.000000,2.000000,4.014650,3.398000,-96.674644,-222.212339,14.825301,3.706325,-337.418609,201.478798,201.478798,0.000097,97,5.090315,0,0,0,0.000000
2025-12-05,ok,,24,288,8,2.000000,2.000000,2.469282,2.090000,-215.829415,181.045922,9.118563,2.279641,-46.181696,191.325468,191.325468,0.000087,97,4.995540,0,0,0,0.000000
2025-12-06,ok,,24,288,8,2.000000,2.000000,2.469282,2.090000,-111.223625,145.924557,9.118563,2.279641,23.302728,131.534356,131.534356,0.000035,97,5.094685,0,0,0,0.000000
2025-12-07,ok,,24,288,8,2.000000,2.000000,2.469282,2.090000,-155.726596,42.107957,9.118563,2.279641,-125.016844,131.534356,131.534356,0.000066,97,5.134845,0,0,0,0.000000
2025-12-08,ok,,24,288,8,2.000000,2.000000,2.923913,2.474800,33.720389,-183.889502,10.797426,2.699357,-163.665895,220.522914,220.522914,0.000095,97,4.566291,0,0,0,0.000000
2025-12-09,ok,,24,288,8,2.000000,2.000000,2.173913,1.840000,-35.366552,149.143677,8.027826,2.006957,103.742342,220.522914,220.522914,0.000040,97,5.088044,0,0,0,0.000000
2025-12-10,ok,,24,288,8,2.000000,2.000000,3.264650,2.763200,-183.692496,91.214951,12.055701,3.013925,-107.547170,230.096019,230.096019,0.000062,97,5.931444,0,0,0,0.000000
2025-12-11,ok,,24,288,8,2.000000,2.000000,5.051985,4.276000,-177.723920,36.697498,18.655970,4.663992,-164.346384,240.414380,240.426787,0.000095,97,4.892655,0,0,0,0.000000
2025-12-12,ok,,24,288,8,2.000000,2.000000,4.810019,4.071200,-198.358761,270.224838,17.762438,4.440609,49.663030,233.525496,233.525496,0.000011,97,5.990194,0,0,0,0.000000
2025-12-13,ok,,24,288,8,2.000000,2.000000,2.469282,2.090000,-134.863546,213.081684,9.118563,2.279641,66.819934,140.770397,140.770397,0.000086,97,5.129706,0,0,0,0.000000
2025-12-14,ok,,24,288,8,2.000000,2.000000,3.719282,3.148000,-130.373175,235.651732,13.734563,3.433641,88.110353,140.770397,140.770397,0.000080,97,5.722415,0,0,0,0.000000
2025-12-15,ok,,24,288,8,2.000000,2.000000,2.469282,2.090000,-147.049492,-36.720627,9.118563,2.279641,-195.168323,236.897993,236.897993,0.000045,97,5.830670,0,0,0,0.000000
2025-12-16,ok,,24,288,8,2.000000,2.000000,3.719282,3.148000,-170.779608,145.119266,13.734563,3.433641,-42.828546,236.897993,236.897993,0.000088,97,6.175916,0,0,0,0.000000
2025-12-17,ok,,24,288,8,2.000000,2.000000,7.013705,5.936400,25.304844,89.843349,25.900210,6.475053,82.772930,274.633062,274.633062,0.000099,97,4.787235,0,0,0,0.000000
2025-12-18,ok,,24,288,8,2.000000,2.000000,3.650756,3.090000,-44.577761,-30.720386,13.481512,3.370378,-92.150038,212.461216,212.461216,0.000096,97,4.058055,0,0,0,0.000000
2025-12-19,ok,,24,288,8,2.000000,2.000000,2.999055,2.538400,-24.280069,21.699510,11.074910,2.768727,-16.424197,202.601486,202.601486,0.000091,97,4.142867,0,0,0,0.000000
2025-12-20,ok,,24,288,8,2.000000,2.000000,2.764650,2.340000,-43.816629,19.222830,10.209301,2.552325,-37.355424,187.001159,187.001159,0.000093,97,3.988098,0,0,0,0.000000
2025-12-21,ok,,24,288,8,2.000000,2.000000,2.764650,2.340000,-35.079887,47.672293,10.209301,2.552325,-0.169220,187.001159,187.001159,0.000097,97,3.935603,0,0,0,0.000000
2025-12-22,ok,,24,288,8,2.000000,2.000000,4.355388,3.686400,-8.229123,-2.127168,16.083575,4.020894,-30.460759,187.059779,187.059779,0.000099,97,4.690775,0,0,0,0.000000
2025-12-23,ok,,24,288,8,2.000000,2.000000,2.969282,2.513200,-39.920281,-26.315483,10.964963,2.741241,-79.941968,187.059779,187.059779,0.000096,97,4.639915,0,0,0,0.000000
2025-12-24,ok,,24,288,8,2.000000,2.000000,3.469282,2.936400,-7.913878,96.678786,12.811363,3.202841,72.750704,193.687894,193.687894,0.000088,97,3.973838,0,0,0,0.000000
2025-12-25,ok,,24,288,8,2.000000,2.000000,2.719282,2.301600,-45.063287,75.531148,10.041763,2.510441,17.915657,193.687894,193.687894,0.000074,97,4.428059,0,0,0,0.000000
2025-12-26,ok,,24,288,8,2.000000,2.000000,5.022684,4.251200,-55.761286,78.353561,18.547769,4.636942,-0.592435,194.908578,194.908578,0.000095,97,4.447434,0,0,0,0.000000
2025-12-27,ok,,24,288,8,2.000000,2.000000,5.173913,4.379200,-63.088031,91.377960,19.106226,4.776557,4.407147,139.801961,139.801961,0.000096,97,4.926986,0,0,0,0.000000
2025-12-28,ok,,24,288,8,2.000000,2.000000,4.000000,3.385600,-21.080180,152.314130,14.771200,3.692800,112.769951,139.801961,139.801961,0.000098,97,4.809417,0,0,0,0.000000
2025-12-29,ok,,24,288,8,2.000000,2.000000,2.764650,2.340000,-95.510776,96.640652,10.209301,2.552325,-11.631750,225.065826,225.065826,0.000084,97,4.511054,0,0,0,0.000000
2025-12-30,ok,,24,288,8,2.000000,2.000000,2.423913,2.051600,-86.391973,256.940109,8.951026,2.237757,159.359353,225.065826,225.065826,0.000078,97,4.580256,0,0,0,0.000000
2025-12-31,ok,,24,288,8,2.000000,2.000000,2.878544,2.436400,-81.564388,155.856430,10.629889,2.657472,61.004681,205.865602,205.865602,0.000099,97,3.963025,0,0,0,0.000000
